L0,L1,L2,Keyword
Collectibles,Trading Cards,Sports Trading Cards,baseball topps cards
Collectibles,Trading Cards,Sports Trading Cards,baseball cards
Collectibles,Trading Cards,Sports Trading Cards,football panini prizm draft picks cards
Collectibles,Trading Cards,Sports Trading Cards,football cards
Collectibles,Trading Cards,Sports Trading Cards,basketball panini prizm cards
Collectibles,Trading Cards,Sports Trading Cards,basketball panini prizm draft picks cards
Collectibles,Trading Cards,Sports Trading Cards,basketball cards
Collectibles,Trading Cards,Sports Trading Cards,baseball goudey cards
Collectibles,Trading Cards,Sports Trading Cards,basketball panini national treasures cards
Collectibles,Trading Cards,Sports Trading Cards,baseball topps chrome cards
Collectibles,Trading Cards,Sports Trading Cards,sports trading cards
Collectibles,Trading Cards,Sports Trading Cards,baseball t206 cards
Collectibles,Trading Cards,Sports Trading Cards,basketball upper deck exquisite collection cards
Collectibles,Trading Cards,Sports Trading Cards,hockey cards
Collectibles,Trading Cards,Sports Trading Cards,bcw cards
Collectibles,Toys,Designer / Art Toys,labubu toys
Collectibles,Toys,Designer / Art Toys,pop mart dimoo
Collectibles,Toys,Designer / Art Toys,tokidoki toys
Collectibles,Toys,Designer / Art Toys,molly blind boxes
Collectibles,Toys,Designer / Art Toys,bearbrick collectibles
Collectibles,Toys,Designer / Art Toys,kaws figures
Collectibles,Toys,Designer / Art Toys,instictoy art toys
Collectibles,Toys,Designer / Art Toys,dimoo series blind boxes
Collectibles,Toys,Designer / Art Toys,art toy collectibles
Collectibles,Toys,Designer / Art Toys,designer toy blind box
Collectibles,Toys,Designer / Art Toys,pop mart collectibles
Collectibles,Toys,Designer / Art Toys,blind box figures
Collectibles,Toys,Designer / Art Toys,labubu blind box
Collectibles,Toys,Designer / Art Toys,collectible designer toys
Collectibles,Toys,Designer / Art Toys,limited edition designer toys
Collectibles,Toys,General / Action / Plush,pokemon plush toys
Collectibles,Toys,General / Action / Plush,funko plush figures
Collectibles,Toys,General / Action / Plush,anime action figures
Collectibles,Toys,General / Action / Plush,marvel action figures
Collectibles,Toys,General / Action / Plush,dc collectibles figures
Collectibles,Toys,General / Action / Plush,star wars action figures
Collectibles,Toys,General / Action / Plush,plush toys collectibles
Collectibles,Toys,General / Action / Plush,licensed character toys
Collectibles,Toys,General / Action / Plush,limited edition toys
Collectibles,Toys,General / Action / Plush,blind box plush
Collectibles,Toys,General / Action / Plush,funko plush toys
Collectibles,Toys,General / Action / Plush,disney plush collectibles
Collectibles,Toys,General / Action / Plush,pokemon action figures
Collectibles,Toys,General / Action / Plush,toy figure collectibles
Collectibles,Toys,General / Action / Plush,mystery toy boxes
Collectibles,Figurines & Statues,Anime Figures,anime figurines
Collectibles,Figurines & Statues,Anime Figures,dragon ball figures
Collectibles,Figurines & Statues,Anime Figures,one piece figures
Collectibles,Figurines & Statues,Movie / TV Figures,marvel statues
Collectibles,Figurines & Statues,Movie / TV Figures,dc statues
Collectibles,Figurines & Statues,Video Game Figures,video game figures
Collectibles,Figurines & Statues,Resin / Premium Statues,resin statues collectible
Collectibles,Figurines & Statues,Resin / Premium Statues,figurine collectibles
Collectibles,Figurines & Statues,Resin / Premium Statues,limited edition statues
Collectibles,Figurines & Statues,Movie / TV Figures,movie collectible figures
Collectibles,Figurines & Statues,Movie / TV Figures,star wars statues
Collectibles,Figurines & Statues,Anime Figures,disney figurines
Collectibles,Figurines & Statues,Tabletop Miniatures,warhammer miniatures
Collectibles,Figurines & Statues,Resin / Premium Statues,premium collectible statues
Collectibles,Figurines & Statues,Resin / Premium Statues,collectible resin figures
Collectibles,Funko Pops & Vinyl Figures,Pop Culture,funko pop marvel
Collectibles,Funko Pops & Vinyl Figures,Pop Culture,funko pop dc
Collectibles,Funko Pops & Vinyl Figures,Pop Culture,funko pop anime
Collectibles,Funko Pops & Vinyl Figures,Limited / Chase,funko pop chase
Collectibles,Funko Pops & Vinyl Figures,Limited / Chase,funko pop exclusive
Collectibles,Funko Pops & Vinyl Figures,Pop Culture,funko pop disney
Collectibles,Funko Pops & Vinyl Figures,Pop Culture,funko pop movies
Collectibles,Funko Pops & Vinyl Figures,Pop Culture,funko pop tv
Collectibles,Funko Pops & Vinyl Figures,Limited / Chase,funko pop limited edition
Collectibles,Funko Pops & Vinyl Figures,Limited / Chase,funko pop rare
Collectibles,Funko Pops & Vinyl Figures,Pop Culture,funko pop collectible
Collectibles,Funko Pops & Vinyl Figures,Blind Box / Surprise,funko pop blind box
Collectibles,Funko Pops & Vinyl Figures,Pop Culture,funko pop star wars
Collectibles,Funko Pops & Vinyl Figures,Horror,funko pop horror series
Collectibles,Funko Pops & Vinyl Figures,Sports,funko pop sports edition
Collectibles,Comics & Manga,Graded / Rare Comics,graded comics
Collectibles,Comics & Manga,Graded / Rare Comics,rare comics
Collectibles,Comics & Manga,Single Issues,comic book single issue
Collectibles,Comics & Manga,Collections,comic book collection
Collectibles,Comics & Manga,Manga, manga volumes
Collectibles,Comics & Manga,Manga,light novel collectibles
Collectibles,Comics & Manga,Pop Culture,marvel comics collectible
Collectibles,Comics & Manga,Pop Culture,dc comics collectible
Collectibles,Comics & Manga,Manga,one piece manga collectible
Collectibles,Comics & Manga,Manga,dragon ball manga collectible
Collectibles,Comics & Manga,Graded / Rare Comics,rare manga editions
Collectibles,Comics & Manga,Limited Editions,limited edition comic books
Collectibles,Comics & Manga,Graded / Rare Comics,vintage comics
Collectibles,Comics & Manga,Investment,comic book investment
Collectibles,Comics & Manga,Manga, manga first edition
Collectibles,Games & Board Games,Board Games,collectible board games
Collectibles,Games & Board Games,Board Games,chess collectible sets
Collectibles,Games & Board Games,Board Games,monopoly collector edition
Collectibles,Games & Board Games,Tabletop RPG,tabletop rpg collectibles
Collectibles,Games & Board Games,Tabletop RPG,dnd miniatures
Collectibles,Games & Board Games,Board Games,board game expansions
Collectibles,Games & Board Games,Card / Board Games,card board games
Collectibles,Games & Board Games,Board Games,limited edition board games
Collectibles,Games & Board Games,Board Games,board game holiday edition
Collectibles,Games & Board Games,Puzzles / Collectibles,puzzle collectible sets
Collectibles,Games & Board Games,Board Games,strategy board games
Collectibles,Games & Board Games,Tabletop RPG,dice collectible sets
Collectibles,Games & Board Games,Board Games,themed board games
Collectibles,Games & Board Games,Miniatures,miniature board game figures
Collectibles,Games & Board Games,Board Games,board game collector’s edition
Collectibles,Coins & Stamps,Coins,rare coins
Collectibles,Coins & Stamps,Coins,collectible coins
Collectibles,Coins & Stamps,Coins,commemorative coins
Collectibles,Coins & Stamps,Coins,gold coins collectible
Collectibles,Coins & Stamps,Coins,silver coins collectible
Collectibles,Coins & Stamps,Coins,coin grading collectible
Collectibles,Coins & Stamps,Coins,ancient coins
Collectibles,Coins & Stamps,Stamps,philately stamps
Collectibles,Coins & Stamps,Stamps,rare postage stamps
Collectibles,Coins & Stamps,Stamps,first day cover stamps
Collectibles,Coins & Stamps,Coins,coin collecting hobby
Collectibles,Coins & Stamps,Coins,limited edition coins
Collectibles,Coins & Stamps,Coins,coin set collectibles
Collectibles,Coins & Stamps,Stamps,collectible stamp sets
Collectibles,Coins & Stamps,Stamps,vintage stamps
Collectibles,Memorabilia,Sports, signed jerseys
Collectibles,Memorabilia,Sports, signed sports memorabilia
Collectibles,Memorabilia,Celebrity, celebrity signed photos
Collectibles,Memorabilia,Celebrity, autographed posters
Collectibles,Memorabilia,Music, music memorabilia
Collectibles,Memorabilia,Movies, movie memorabilia
Collectibles,Memorabilia,Autographed, autographed collectibles
Collectibles,Memorabilia,Sports, sports memorabilia investment
Collectibles,Memorabilia,Limited, limited edition memorabilia
Collectibles,Memorabilia,Pop Culture, pop culture memorabilia
Collectibles,Memorabilia,Movies, signed movie scripts
Collectibles,Memorabilia,Celebrity, celebrity gift collectibles
Collectibles,Memorabilia,Music, concert memorabilia
Collectibles,Memorabilia,Autographed, rare signed collectibles
Collectibles,Seasonal / Limited Drops,Holiday Gift Boxes, holiday gift box collectibles
Collectibles,Seasonal / Limited Drops,Christmas, christmas collectible toys
Collectibles,Seasonal / Limited Drops,Halloween, halloween limited edition
Collectibles,Seasonal / Limited Drops,Valentines, valentines collectible gifts
Collectibles,Seasonal / Limited Drops,Seasonal Releases, seasonal exclusive drops
Collectibles,Seasonal / Limited Drops,Summer, summer collectible edition
Collectibles,Seasonal / Limited Drops,Holiday Gift Boxes, limited holiday edition
Collectibles,Seasonal / Limited Drops,Blind Box / Designer, seasonal pop mart drops
Collectibles,Seasonal / Limited Drops,Blind Box / Designer, seasonal blind box
Collectibles,Seasonal / Limited Drops,Limited Edition, limited edition festive toys
Collectibles,Seasonal / Limited Drops,Blind Box / Designer, seasonal designer toys
Collectibles,Seasonal / Limited Drops,Holiday Gift Boxes, holiday exclusive collectibles
Collectibles,Seasonal / Limited Drops,Gift Bundles, collectible gift bundles
Collectibles,Digital Collectibles,NFT Art / Collectibles, nft collectible cards
Collectibles,Digital Collectibles,NFT Art / Collectibles, digital trading cards
Collectibles,Digital Collectibles,NFT Art / Collectibles, digital collectibles art
Collectibles,Digital Collectibles,Crypto / Blockchain, crypto collectibles
Collectibles,Digital Collectibles,Crypto / Blockchain, blockchain trading cards
Collectibles,Digital Collectibles,NFT Art / Collectibles, nft pop mart
Collectibles,Digital Collectibles,NFT Art / Collectibles, nft designer toys
Collectibles,Digital Collectibles,NFT Art / Collectibles, nft collectibles marketplace
Collectibles,Digital Collectibles,NFT Art / Collectibles, digital pokemon cards
Collectibles,Digital Collectibles,NFT Art / Collectibles, nft limited edition
Collectibles,Digital Collectibles,NFT Art / Collectibles, nft funko pop
Collectibles,Digital Collectibles,NFT Art / Collectibles, nft trading game cards
Collectibles,Digital Collectibles,Virtual Collectibles, digital collectible figures
Collectibles,Digital Collectibles,NFT Art / Collectibles, nft anime collectibles
Collectibles,Digital Collectibles,Virtual Collectibles, virtual collectible cards
